x1,x2,x3,y
0.4075223055909827,-0.06610888401321424,-0.6660205412939566,1.6978882907541255
0.07378124331910385,-0.060830279052922265,0.8163409429365234,0.38585240864041614
0.6111757135063607,-0.08890043512950041,-0.7645596849657899,1.634954207642151
-1.0,-0.4344218404309035,-0.11508836470864248,-2.2233516933638504
1.0,1.0,-0.623561028261131,23.420985244944973
1.0,0.9328265592812635,1.0,26.8641496786
-0.3785386411983285,0.5038087277292211,0.7515244678718884,-0.18226129528314605
0.04116879913144467,-0.3677524089619255,-0.5056713350759365,0.6635403610524649
-1.0,-0.1505235560465501,-0.22168680140889707,-3.495271963074394
0.1953643267947398,-0.6179719263184957,0.25230764667049854,0.9737449881173449
-0.31280985694110286,-0.03705411263542513,-0.9263572593693286,-1.1840187862957314
0.14264120139104297,0.7541093922226283,-0.6432124595033089,1.4148702460533913
0.5011477082622904,-0.6633619178669035,-0.8600064890691343,-3.1406969233887496
-1.0,-0.2791637709323469,-0.9714568860786321,6.540851351573529
0.4204438982822003,-0.34548775605579163,-1.0,-5.382847766288625
-1.0,0.1181658110573458,-0.5152180494566598,-1.4433716502264398
0.3479879143552751,-0.018044984244216078,0.5912138599072465,0.6304224160539232
1.0,-1.0,-0.23557780318733457,-8.913498693380367
-0.4546912172653699,0.8521872099272325,0.4264670970339477,1.7533980767338337
0.5555672914951806,0.00020689252831851412,1.0,-0.1711152512650399
0.7914545879878523,0.3920387511440111,0.17683416514899575,2.6958718929292256
1.0,0.07564333242810672,0.49193140974004956,6.36930240890298
1.0,0.04305995077809932,0.8989883615994319,10.89552862327803
-0.10084714953658547,-0.24149928675560783,0.4339725214637056,0.15988072456746458
-1.0,1.0,1.0,16.79833912519931
-0.4562537826464277,-0.4743969230914844,0.9564363877600008,1.5905479500036617
-0.3838848694576529,0.0890851056900892,-0.777848136334339,0.3491104687055806
-0.5446596694354502,-0.5579292873837216,1.0,1.2698616097089392
0.3835859276399365,-0.37778229421016474,0.753675238588053,0.6150363310411727
0.45810040566033683,-0.2516434799801692,-0.32728209467126645,1.8645395014460613
-0.15275300923917978,1.0,-1.0,3.3450370865786696
1.0,-1.0,-0.06042811922265745,-9.129060779170159
-0.11336749308900407,-0.3910481777112569,-0.6024643641789986,1.0868539360993263
-0.24734189325110512,-1.0,-0.7102523525284052,-3.4587489096687656
1.0,-0.6265297313714295,1.0,2.9483882360560756
-0.26662167040893703,-0.22250979097334067,-1.0,-2.914414005051536
0.07055703682985404,-1.0,-0.30889211784885684,1.861130491708749
0.30667945818281916,-1.0,-0.7909898054641147,-8.162239756756927
1.0,-0.6392360370532542,0.9177599380793457,4.231502766729965
-0.6186963785851951,0.35235185889391496,0.19519073957285782,-2.4857735680133457
0.8509703186845792,-0.7076762023464604,0.30689231268245853,0.11962258816397331
0.8397275756302831,-0.5666118913704343,0.35468361917532887,1.2971436341897227
-0.500843089932294,-0.46374226999136847,1.0,1.130089052809526
1.0,0.6408247318059994,0.48797092745360415,11.11184964794214
-0.9578872395262976,0.10088926600551451,0.7056811771876881,-2.5352987027087486
-0.4700006440701503,-0.7389933778783566,-0.7895472508767247,-0.7413075225810735
0.9594090104517221,-0.3329758848274744,0.8409963391519633,5.319308911459423
-1.0,0.5362819852643543,0.33161972113202265,-3.9524765460157485
0.41686281513597767,0.5215908816935768,-0.20199679957923378,0.4998082672503754
-0.313721308978004,1.0,-1.0,2.0735233579901258
-0.8849468489079853,-0.9343129650450139,-0.44413460349239786,4.214155831630265
0.8227569952568001,0.9292693623918684,-0.7659016852729854,11.539912326699117
0.2947205285108856,1.0,-0.0593861661642936,8.245166483751504
1.0,-0.6623010879105358,-1.0,-1.8536266904484724
0.8087525066332006,-0.4231872990084866,-1.0,-3.620385414361191
-1.0,-0.24481812700467032,-0.8040100221680944,2.4554684690782937
-0.6081644229203669,1.0,0.5791497427724821,5.528322864747834
-1.0,-0.1361069271630453,0.21537176849359096,-4.301716546174255
0.10245211915905728,-0.10742950825811803,-1.0,-2.5960905260966975
-0.8997231873485425,-0.40981373971806856,-0.09100036048513682,-0.3713742099191003
-0.4292000499521271,0.13140435668696204,-0.5445641788671447,0.22678840573510195
0.360871504927057,-0.08366947097935173,-0.053880684381584,2.0037736423053203
-0.5583243565721987,-0.4512016511288941,0.06581573039214228,0.4350821409810932
0.6466171146193909,1.0,0.4553309661665714,7.3586332598191255
0.5810573191476256,0.8408257120223686,-0.4068684642838136,3.353613205763163
0.1510855051546205,1.0,1.0,11.148245844995627
0.004906811564754365,-0.014728961285201958,-1.0,-2.8383385313348883
-0.4680859092130045,-0.08373119457759226,-0.351344887501007,0.04841118071512891
1.0,-0.7282783263605084,-1.0,-4.579981082012967
0.1562154932725459,-0.8160029021338293,-0.6325429154341542,-0.008936238849497347
0.3498992696731331,-1.0,1.0,-6.912691184207233
-0.09931900408940297,0.9366808951019123,0.4755501521474028,5.544467547005239
0.29344319028710064,0.9680983822721048,-0.5617209691790324,8.658749544738589
-0.6799855607421135,0.08911642480891513,0.21318622045565694,-1.3523963661579148
0.8097331567039305,0.6046925217305781,-0.753592319300816,2.888242712742032
-1.0,-1.0,0.4584570899512108,11.645866461168675
-1.0,0.020626211173226272,0.3769688808761129,-3.587541023990344
-0.0024487067545833074,-0.23466118279306247,0.2561000444284458,0.16688686696454702
0.16176206660217707,0.49791424152537367,0.5551721248439865,0.8394035878312758
-0.38551725173907614,0.14455846867088318,-0.587744125980153,-0.1804402306781479
-0.6332800890527361,-1.0,-0.01786083732727617,4.242008066088162
-0.33796347237350877,1.0,1.0,15.075587865725629
1.0,1.0,0.4136909506434929,12.995123811011545
1.0,-0.7487212622874184,-0.9456933892043538,-2.053278286109223
-0.20003651645945464,-0.10092912429283096,-0.43812000061359013,-0.12381257104391152
0.5553477923806867,1.0,1.0,11.316964683897858
-0.5972685080538944,-1.0,-0.005206179539122058,4.681235387373995
0.6729586352190737,-0.3069494677651863,-0.17744627590409312,1.8946111089912114
0.7772613642929207,-0.6346317656822846,-0.5038755620942572,0.5457497729938142
1.0,0.3604243922026513,-0.04706380936758703,6.499700553185571
0.5997764402336083,-0.15969683163079518,0.5409492503893578,1.6936565481094452
0.4762923940844599,-1.0,0.7578337283718588,-1.1980893072422187
1.0,-0.7710363120461747,0.30646278293226237,1.4965008226492384
-0.2998148187591483,-0.4418378210325009,1.0,-0.5450445605251248
-0.051463589461716364,-0.07274728836751176,-0.03823574174696476,1.30411124548471
-1.0,-0.0036677317259801168,0.3715521085896114,-4.411647572207008
0.8841745019835365,0.15664509821532602,-0.48856327353768947,3.2110898887143198
-0.4534950137857685,0.18538009421703783,-0.41193500712985265,-0.34820388604081415
-0.7215283015500771,-0.45967884725328023,-1.0,0.6655134021046889
1.0,0.8580571270234176,-0.5634333598221604,11.293844780068023
-0.382951860243294,-0.0845056706748386,1.0,1.151357674812592
-0.8242526525482432,0.2096359176012097,-1.0,5.879905270026486
-0.1804649494582966,0.6258778409061818,0.5222703254759846,1.2304505198906757
1.0,0.40166571730712497,0.8153790481207641,13.188446026920037
0.7993407240151194,-0.06029892544852533,0.6176681770522587,3.5989913225741743
-1.0,0.5629612661086214,0.18188626408635544,-4.289111062952449
0.631545708229784,0.4484223375812397,-0.4987359065142336,0.7078275761247952
-0.6773699175212826,-1.0,0.39174746406025807,4.879352576008559
-0.8071350873478438,-1.0,-0.32785066592038703,5.11933379863684
1.0,1.0,1.0,25.909432383906008
-1.0,-0.02334770712318157,-1.0,10.387754145858144
-0.49499328769567463,-0.9314555147641563,1.0,-1.8911485592426194
-0.1053346976785865,0.8322937289761103,-0.18831692229717323,2.1197721853604867
1.0,-0.23252989546596559,-1.0,6.001458421642277
0.13063867036863663,-0.040214740178327046,0.5748056927443872,0.9264747406852778
-0.7749207009608823,-1.0,-0.8606450743662242,-1.7133487796836517
-1.0,-0.15856237753652258,-1.0,8.655689477558461
0.5972467143885345,1.0,-0.8073874286959557,12.505975421112623
0.8030870106807086,0.8101040065331793,-1.0,5.53877330596791
-0.30485334044540524,0.7490278061552236,0.7758752329046543,3.0980941621485423
0.7022431991402411,-0.16139775683310398,0.24447148438523247,1.775439898213009
0.7252632599901851,-0.1978171277022176,0.3011285202941558,2.6887966574485413
0.7572090603692025,0.1270361223475538,-0.01936618919420341,1.1982793868388462
-0.6261109099786015,-1.0,-0.23016607844356063,4.433029500650125
0.14566569158806297,-0.35878650989736394,-1.0,-5.0856338741711244
0.42652480917469027,-0.5994309405386742,-0.23791264861606498,0.8657563130745043
-1.0,0.21821329612811935,-0.10957838591293578,-3.997081196325422
-0.11399447163411591,1.0,1.0,13.810184775481348
-1.0,0.06451762511696413,-0.6045353020144384,-0.39261002153840097
0.6758412168113976,0.3062280971953413,0.9943735367250293,4.131233947044461
1.0,0.6251084459954754,-0.37410247133859875,5.243174037019917
0.4456296095259622,0.8007706320516146,1.0,6.9669194953466045
0.07048925657118077,0.3177814066821454,0.9402990226189845,1.342099374201467
0.8521344743944896,1.0,-0.568474715910064,15.05949073549382
0.46352622735450644,-0.48558443158328846,0.2517340621852575,0.9630185707066129
0.8036963810074029,-0.8096633036221761,-0.7491340308519974,-2.2536885663300668
-0.8960548039328962,-1.0,0.2058876321288805,8.357015492251017
0.0617348550924397,-1.0,1.0,-7.455406303915734
0.19799235841050944,0.0969663363650235,0.5332130327390292,0.9709641486914669
0.5016397817232314,-0.8853035467508945,0.4293173973799076,-0.07035877302518778
-0.27293120993526765,1.0,-0.03352997190303797,6.838624343595292
0.2804923170366074,-0.4137743448668958,0.4128222417107903,0.47010855749468894
-0.020860672876654274,-0.132836597546651,-0.6495462114533779,0.3995216684847188
-0.9420076255603871,-1.0,1.0,16.315457352455294
-0.2913576741089603,-0.08424742840897115,-0.1494810647813365,-0.2671554476466519
-0.8255892868007995,-0.023253109462440413,1.0,1.8957731898598347
-0.31760175066097385,-0.7499032718106715,0.30561424434927775,0.8500751800316921
-1.0,-1.0,0.5849004372654187,13.776637683117162
1.0,0.32163999500171236,-0.019865711969035305,5.413058385698758
-0.3542283094938268,-0.8223367609202661,1.0,-1.4787948018581596
-0.3913790758372142,-0.3535281188236066,0.17314662094183775,0.29567461006198503
0.084615473079233,0.5680644433663984,-1.0,-3.354116090361454
0.5520827298513018,1.0,-0.5972666164249087,11.468218521667495
-0.9894189671758367,-0.20922779357922017,-1.0,8.01913195826456
-0.5893183270485163,0.1410845207969651,-1.0,0.13015493654609123
-0.34116451716534435,0.29996280498313577,-0.5854120307129063,0.08707122631812686
0.04531749161565157,0.09934701405862967,0.24286960936690494,0.6222324920235164
0.3781100695469153,1.0,0.5022122246076317,7.2427498183321415
-0.3940799732917899,-1.0,0.19467441873143998,2.5988309466604433
-0.7985297979140005,-0.23089794424986954,0.6876619909625163,0.2871138526530176
-0.12300493318735706,-0.5685874912171567,0.1142668253425354,1.024132651855241
0.056701590507987065,-0.48342593374043585,-0.10160636953454594,1.2770109535100949
-1.0,0.9137716400201099,0.01698790421383123,4.205783882164799
-0.17306467570155415,-0.2048007156520717,-1.0,-3.639638138152036
0.8684150345125314,-0.8910847661941266,0.4839074610211469,-0.777759575961428
0.7446768118940699,1.0,0.49870602412411924,8.184142618576548
-0.4800315123229708,-1.0,-1.0,-11.67296500164865
1.0,0.9763970457581403,-0.5970184689023561,20.155928971233934
-1.0,-1.0,0.21311801878557102,9.017551871889928
-0.3065622464830209,0.13377741885507177,-1.0,-2.658754235861967
0.5729788441184924,0.6298896376218179,-0.9806557442566877,-1.9598857961721154
1.0,-0.2714240517020938,0.0030181170234258037,4.585409960896996
-0.3958428995548935,1.0,0.4803002973394346,7.47770405771059
1.0,1.0,1.0,25.86069574212298
-0.08505341026357627,0.39487605958930616,0.14817737555635002,-0.16063276330830037
-0.46371169997875183,-0.4057338509805495,0.5042957563617654,0.7969443877933021
0.04834307113990066,1.0,1.0,13.176608807972125
-0.5564459698529949,-0.6685871149738527,0.28566757690142075,1.8649926836286097
1.0,0.8748128087306537,-0.007671663134384499,9.918401760810726
1.0,0.5412462741849144,-1.0,13.615817396135036
1.0,-0.47570639422118455,1.0,5.471820140403974
0.9926540934242449,0.9070632050858811,0.12645870698112383,11.48785003887537
0.19230273640917384,-0.6086155468615746,-1.0,-7.2124362887293945
0.24462352121539754,0.2967751781784531,-0.49396419457977525,0.9507381097316002
0.20540715040449653,1.0,0.5958699778524674,7.594565513800083
0.1084658909532914,-0.041708117375684584,-0.6859816641731682,0.5060613874043747
1.0,-0.20629960006188441,0.37729282902577355,5.5036141692412865
-0.5741344567359865,-0.4408306701666933,0.32653014594647023,-0.18553586044383086
-0.39204606374080053,-1.0,-0.29243741703275483,2.7073439666595203
-0.21119596145486863,-0.48920643058811364,-0.8891004733760624,-1.2703230573253723
0.7559847583052843,-1.0,-0.9462054209248931,-21.46645613925926
0.36572852089740304,-0.9634295594995375,0.24817304877013324,1.090901972904081
1.0,-1.0,0.9536648290598118,-8.205711570058991
-1.0,0.08068959377852081,-0.29588606356558644,-3.8008875219296483
-0.08800675883325271,1.0,1.0,14.089906473488869
1.0,-0.3474841776523032,-0.2655244726748296,3.780208336489988
0.13914564662135231,1.0,-1.0,5.0415404424862595
0.2587993793456187,0.7483761150487527,-0.28875739186839655,2.329246631601462
0.877809856521266,0.11133705079525846,0.6385799560170724,5.247843792398666
0.46399971105717097,-0.5690881558967635,-0.8154594845046677,0.13508097517677342
0.7003536913887181,1.0,1.0,11.91666217484525
1.0,-0.38111773500305945,1.0,6.075717488813347
-1.0,-1.0,1.0,21.393872087202727
-0.6427648287837577,-0.7556670894733175,1.0,2.798453873670844
-1.0,1.0,0.509878022659084,1.019677951692987
-0.4977949606682248,-1.0,-0.9930260182986563,-11.478327560818515
-1.0,0.010337139528837636,-0.8895068524203045,5.849893109088297
0.1998238730598223,-0.9702267393816031,-1.0,-16.842600808269854
0.04435589095284431,0.2372075301619283,0.01624367239464375,-0.02538350773305753
1.0,0.1998812826626155,-1.0,10.491484178592547
0.5853301365565342,-1.0,-0.4356783794835013,-3.012316383666795
0.21832693887152543,1.0,-0.23016364836910919,9.110937611604879
1.0,0.8373726076371497,1.0,26.60208960626928
-0.41680697674735345,-0.9261633228400428,-0.51344372858667,0.909540312054743
-0.5273324606358882,1.0,0.6012723454610451,6.622573690441186
-0.2651872164287903,1.0,0.13255899254982784,7.028911272529092
-0.3625849717595475,-1.0,-0.05223708165886998,3.1254052833609482
-1.0,-1.0,0.9438870870006615,20.28189111907975
0.689214559257848,-0.6952328406372603,-0.37125013067915114,0.35108132049647817
0.3714383608267484,0.055180069234622264,-1.0,-3.109015728252234
1.0,-1.0,0.281216105352877,-7.217545886085531
0.1947378627305658,0.015895275380362506,0.8995805756368387,-0.05994859187951604
-1.0,-0.22548034831603103,-0.9301428230527302,5.29716614786571
0.46161383138723977,-0.016481444201387863,0.11427997990072236,1.5211264325359608
-0.511728518481156,0.5570759968482146,0.14690192701810534,-1.1606027683904314
-0.964563049602954,1.0,-0.6797956948353474,10.727781924265916
-0.34442337566283454,-0.20244087336846417,-0.24379010543081714,0.7392443310425855
-1.0,1.0,-0.3118974323509711,12.197918697775417
-0.9622458977457187,-0.869721018332027,0.35913680981312335,7.247502039119001
1.0,-0.7299979612516037,0.7041363076930625,2.666310033994856
0.1126253590218631,-0.33092986332890684,1.0,-1.5887075625595937
0.9072652457197663,-0.11618235406497912,-0.86628977667168,3.7568291255812407
0.23566648721374972,1.0,0.9543939772409837,10.680336674756116
-1.0,0.5472274578697462,0.18676158986182467,-3.895260022934416
-1.0,0.05580422774108462,-1.0,11.936541383080927
-1.0,0.5118655104710454,0.829696279050604,-1.1612963603184943
-0.4663317182973572,-0.3390790410635882,-0.485517484595138,0.3860996693323019
-0.8337825856261298,-1.0,-1.0,-2.4698227393753363
-0.2841857007627733,-1.0,0.4019487790623808,2.3658941829245808
-1.0,-0.41915243768350896,1.0,7.27701884188137
1.0,-0.7488914384931404,-0.22537594110105919,1.3067351369336961
0.3495885266235621,-1.0,-0.45834520177524896,-0.17730819657114283
-0.07204654490343065,-1.0,-0.578138794937209,-1.188097408589282
0.7053755006753957,0.5640140106975651,1.0,8.0955295339607
-1.0,-0.15314574051879815,1.0,5.218474437001958
0.25846385125383975,0.3305525423295974,-1.0,-3.0397518546603597
1.0,-0.5791721352285764,-0.445098529296875,4.0306183738877905
0.45194375923822205,-0.8129041666292391,-0.6313855450544708,0.1942295986692511
0.6467657021274753,0.5085620805514648,-0.03366638032734093,2.279926387098943
0.18359936817578393,0.1774049579300705,-1.0,-2.792100553007882
0.5782823935659314,0.07568168095583361,-1.0,-2.4211292344218784
0.33663470099467463,-0.28695157500141333,0.7325682347500766,0.21889970147870083
1.0,-0.8414546232491928,0.08757089939139928,-0.0613220344944399
1.0,0.1752486034924241,0.46515010538502466,7.307593727935688
-0.2852297760565856,-0.3017182773975282,0.3450796208933742,0.1123980586964399
-1.0,1.0,-1.0,21.27795996234391
0.8919300562509118,-0.12754411670917687,-0.9205221995505806,2.692607882604431
-0.150535283488044,-1.0,1.0,-5.925329557060102
0.16891684483063618,0.5401438386498005,-0.37005420546629697,0.7544204641665135
-0.05585970945818031,-0.6877552152434125,-0.09880966256996615,1.1956858315280665
0.431916721832587,-1.0,0.02334675115212148,0.833732138145777
-0.4367454672874047,-0.2615601528047531,0.6942101076055154,0.2598271785424169
-0.23915240894331036,-0.5107605417666823,0.9745083666711256,-0.21394348929383333
-0.6172813675401385,-0.23023693394255718,-0.3783821979197082,0.010372649692714342
0.034792168542220114,-0.5517419153298058,-0.2919213125160163,1.425841393388388
-0.5623819544921,0.056738744820011844,0.8839545192268277,0.17822766849610033
-0.37695258201244797,0.6557058072155417,-0.4614087485512095,-0.6815835691973654
0.53176665730747,-0.24956404890566763,-1.0,-4.081864127968554
0.09310324481410803,0.42327541339822616,-0.49183688376531576,0.16182494350884458
-0.7182489426210594,0.5127361943867916,1.0,5.487397220715314
-0.43538570360529416,0.04563485282132973,0.5984109860320259,-0.5843564200524124
-0.46689196692206036,-0.7081885835158122,0.9557157043441458,0.45236005210600294
-1.0,1.0,0.826065325295712,4.101837371638796
1.0,-0.8809754909425107,-1.0,-13.316647872063704
0.4232165996257311,-0.7885474829017463,0.6951760922373398,0.06923860984541558
-0.8282149163692722,0.20926647685309807,1.0,3.200750096933312
-0.980987257216857,0.42511930772092277,-0.6097088532406125,2.0807165598019273
1.0,0.5014273933871898,-1.0,13.51648545796929
0.7345371948855264,0.7092442530893222,0.17214446489614832,3.898578310747636
-0.2692752819779809,0.6286258260995392,0.8446458133479395,1.9383181212808585
0.9518003276949834,0.42097173471647675,0.0962740666659807,5.657600445580106
1.0,0.8089999486260484,0.36131089071950306,9.964688476857969
0.7069833156875973,-0.4416131836466701,-1.0,-5.953964456890615
1.0,0.6054755053747118,0.7056406606625791,12.372447554786117
-0.36334541212690863,0.43121851793853905,-1.0,-2.977561738010503
-1.0,-0.1392631280927974,0.14460721235801888,-3.870003498318829
0.43156924349251047,-0.9496600957963248,1.0,-6.1614189923130915
-0.47180991424467145,0.374301862479135,0.1668902592199748,-1.4603923961670184
0.2023516710114932,-0.07464551326184754,1.0,-1.1944950452347831
-1.0,-0.6367151615577848,-0.2150280680116443,0.22518582931818915
0.9790205302204338,0.02071906534115686,0.2871197098972229,5.178720184855324
0.6650979895273059,-1.0,1.0,-6.930290908250028
-0.09211853743228904,-0.27359921646355456,-0.6734721126177823,0.5203196460154448
0.25955758498077786,-0.21137916322054218,0.32254867656015573,1.2575061052752912
0.4133411398422271,-0.252901449889372,0.11698105468059583,1.8342091881096099
-0.16903448851137592,-0.9064075505282028,-1.0,-11.50117274558466
1.0,-1.0,0.12830064584382472,-7.471052112134251
0.5378106722313469,0.5610025268402881,0.28732882357514633,1.4854222356107865
-0.7670455413336115,0.01264509287936555,0.45022279507221175,-1.370083354442016
0.30524368430969195,-0.24472550240592605,0.5563335047482874,1.3162113900857573
0.05511544962593806,-0.8638441215149344,-0.313128350556086,1.2130226795290815
-0.22720172445084397,-0.007126659638450716,-0.7848983400702916,0.035074425374651656
-0.9268045179310422,0.33556871957775947,0.35100446574111377,-3.973921083337237
-0.022690339427604123,-0.3104064456431539,-0.7126511152804536,0.5403554845957319
-0.5661476986845444,-0.8442759703386276,-0.09308600845141513,2.724505453498677
-0.3772096422312785,-0.8316613920153562,0.06533854380588844,2.1597140321001147
0.8288514301310588,-0.6638500511506602,0.5303453575929373,1.4253183555692805
-0.5886607375796413,1.0,-0.7401730731025533,3.3275063768230844
0.09875568101330057,0.27662119078224356,-0.06331326318756214,1.691505399243543
0.21584929908989348,-0.8016649314120388,0.6047777616534145,0.6636164202646823
0.20277517996515004,-0.6593074235832304,-1.0,-7.799192295401671
1.0,-0.5072042694385452,0.23454443603424058,2.91364761582069
-1.0,-0.7499227055716886,0.3485705345613128,4.560622277746322
-1.0,1.0,-1.0,21.956248621154437
0.7458003211089439,0.6897190301065546,1.0,10.38971631455917
0.9993946253957058,-1.0,0.08573407299518987,-8.676018993201556
-0.9681489093472881,0.683317941081985,0.5322909688693145,-4.089503432039932
-0.46846276335754844,0.24675396833860908,0.3288958796422137,-1.0142021820987421
-0.3438121485413015,-0.4898617003134258,-0.9573007006650227,-2.960270245831157
0.28649897037537486,-0.02557471945333112,-1.0,-3.2577553875141674
-0.17467704214087165,0.5157685243824417,0.2885918441797186,0.25952297178558537
-0.4974422921763946,-1.0,0.6832695281309502,1.678305950811987
0.024238682268221456,0.657460531140108,-0.5953313707783856,0.5034074601254198
0.07713024282839309,1.0,1.0,11.740817030590055
-1.0,-0.15546526338946487,1.0,3.657769394581802
-0.07074588183950792,0.08496478182294553,-0.10990782421499956,0.3806152811739322
-0.9340378165568874,1.0,-1.0,12.424708459113045
0.2039624205509365,0.18738097087989236,-1.0,-2.6273202453046003
0.7421935342275534,1.0,0.877585537291635,11.398937498478599
-1.0,-1.0,1.0,22.16986561599267
1.0,-0.2338408680482944,1.0,8.620757223616577
-0.13872144094914152,-0.05653648397798117,-0.3586153227164166,0.5332516241423247
0.4817194177162478,-0.17415478504149018,0.2364720967425804,0.9813079156707054
1.0,-0.09994791915514623,0.47401086924599056,5.757199654531992
0.30793562942808284,-0.29177792965371485,-0.24619951540028073,1.3537020457764772
-1.0,1.0,0.9949997579038583,16.914286376678874
1.0,0.9222146018391224,0.9213282469112731,23.502102664855958
-0.34083339286616976,-0.27796967898895075,0.3648523640094474,0.05367800199229583
-1.0,0.4671176263485788,1.0,5.044710172272296
-0.21578133838558733,1.0,-0.26452432189855957,8.356117698268342
-0.9281177279420085,-0.3208021716936198,-1.0,6.216080593896953
-0.4026247178166231,-0.8438980439548194,0.011073780670754374,2.1555311853426353
0.48702027805181447,-0.07850595603322263,0.5242354264298634,1.5956204379554206
0.4558539095413885,-1.0,-0.18903086817358972,-0.28743256484318824
-0.9605849897636776,0.2767507353187524,0.9250736394100667,0.13816848990419955
1.0,0.16237992440180116,1.0,15.292833556707233
0.15469735851053001,-0.7780945790816642,-0.885170412491854,-4.494692820178148
0.33614915338343376,-0.33492728143619455,1.0,-3.051835947034631
0.3614903367721367,0.6843700589536137,-0.7629960359466299,0.01439300305583957
1.0,-1.0,-1.0,-29.541709410938655
0.0729440095066185,-0.21770116818043284,-0.5161085591291021,0.933544447411522
-0.04549555570787356,-1.0,-0.3235479870724671,1.912458372364371
0.434428022610851,-0.08900336758726435,-0.4168386136319435,1.1949635585067095
0.47608580542106416,-0.33533062736918895,-0.08384849444394749,0.6292608578378361
-0.928839885776138,0.6829473769680396,1.0,7.918571295697449
-1.0,-0.8477100411193947,-0.14415373221580463,4.074906934911392
1.0,-0.48498415216599744,1.0,5.282237737283704
-1.0,-0.6991213982611202,-1.0,5.6498403167071185
0.1413026951100631,0.07661919103868287,0.9864539495188496,0.11583430348518654
0.23237767237703522,0.432971899028876,-1.0,-3.3633441424615143
-0.006382240835093089,-0.13673106990895145,0.27472784972011843,0.4171372094975625
-0.9376562450170851,-0.608338905864457,-0.3482134898579534,0.5544689818747816
-0.7507710844161881,-0.8419351418299237,-1.0,-0.8998170574657196
1.0,-0.2695450373166557,-0.1171464504531643,3.80995043530055
-1.0,0.5708429381923967,0.2520535178013765,-3.727162356001551
1.0,1.0,0.5913825769342098,15.153695287324627
-1.0,-0.9842124712073472,0.03149638927571852,7.580502655580283
-0.010633772307010902,0.4257182415256826,1.0,3.1713622545259685
-0.2683164336513324,-1.0,-0.2357541405097583,1.7385979526639121
-0.561744484162545,0.5288014203766693,-1.0,-1.3806089384700297
0.050088309285079013,-0.12484661910439665,-0.6445047310716197,0.8172395346888282
-0.8771475987924606,-0.26765437030403216,0.6226296196822616,-0.03581021864381606
-1.0,-0.43512656542172334,0.03251031583692665,-2.1954425660751333
0.6164512483259497,-0.27927982538993046,-0.7323286921777987,1.2033448591941729
0.2368007076129599,1.0,-0.6929239536676552,11.021488352538835
-0.23044187280213735,-0.6827404786589089,-1.0,-6.263431204695
-0.7920654590892502,-1.0,-0.5531230915938281,3.489673302416468
0.4021835100162392,-0.22205435633787451,0.10305161857774903,1.0002770102113097
1.0,0.0621827424725383,-0.8427485903733922,8.119622496471722
0.43316812085257195,-0.08774578184453707,1.0,-1.0910918980770385
-0.5742387530477508,0.7112864426907035,-0.4160837316091639,-0.7473616276420378
-0.11420692728073467,-1.0,0.03293595225315116,2.659552529892629
-1.0,-0.7805358226263119,-0.6814147653223817,3.0177726089397123
1.0,-0.10627754204489137,0.20513653435008572,5.170754135635158
1.0,-0.15404543525349523,-1.0,7.758311454029957
-0.7268574465622928,-0.29899940004409675,0.23088959072617676,-0.7396715618687753
0.7187686803273041,-0.3298741212041205,1.0,-1.3120361069961588
-0.10867763127409091,0.30145223171184643,1.0,1.744164094710706
-1.0,0.7467765562670847,-0.3471257107613632,2.3816201206029244
0.007479154755148931,1.0,1.0,12.69428180748166
0.8672938631541176,-0.35118006558694126,-0.6357302692260864,3.0556929822010463
0.052921053339523016,-0.35623350178172264,-0.21717952473168145,1.28068209247944
-0.21505056546890144,1.0,-0.3189792987703506,7.773263768738231
1.0,-1.0,-1.0,-30.186913774374304
-1.0,0.42177752905261756,0.988069358618441,3.2906537425885296
0.1763029985025557,-0.011732438282973101,0.9107383183008038,-0.1312668162331002
0.40330906604972805,0.29139173372411964,0.05187766095757662,1.6482651544964249
0.21864614032304663,0.8036027630503164,0.777397749043498,5.310083462278797
0.24694487054731606,-0.3286338981290491,-1.0,-4.638401482506247
0.0587578787780032,0.5557926881592858,-0.42808232192845064,0.36909099944692253
0.6826176685619549,-1.0,0.8910372070776826,-4.831454047754468
-0.411706220041685,-0.2296340219429851,-0.7152803143855162,0.07747572721496992
-0.7597637994435229,1.0,-1.0,2.772028788645413
0.12727459589924806,-1.0,-0.5790926921562614,-1.7694314171614673
-1.0,0.40955725259345055,0.9986426915501603,3.8642019668687824
-1.0,-0.4968491504670678,0.6556101480958145,1.6457957875502012
0.2976101113306939,-1.0,0.2829483716512837,0.7760776768652727
1.0,-1.0,1.0,-9.090164886605727
1.0,-0.38696235218732866,-1.0,3.9430845077731558
0.9207006901232122,-0.5024288806859674,1.0,2.118612196524746
0.05201466099698293,0.9615615308539529,-0.631834080858293,7.618792034788411
-0.578562633258574,-0.5173015125118938,1.0,1.9533864074988208
-0.2943954981272239,-0.16883127975163204,-0.6331831905523582,0.2170726165117154
1.0,-0.5275221729134587,1.0,4.0543900100752905
0.030479580690536467,1.0,-1.0,3.3972075977688787
-0.2533791116423525,-0.2699669590253002,0.5907728756886088,0.4202876148916428
-0.04732219997800424,1.0,1.0,12.73200992504142
0.06847987922806698,0.6881406032286388,-0.16437054170476073,0.2788344830931093
-1.0,0.9253387905510886,0.3154364344258471,1.384905423140933
0.48034400377061726,0.3373287578720352,-1.0,-2.3575149712905765
0.3554130364059269,-0.3484935410245571,0.048760255111564677,1.4855857408110962
0.4316325539493473,1.0,0.9359782738427422,9.710001822522806
1.0,0.31344209000079926,-0.033071136083314245,4.760528729059667
-0.23900603041259294,-1.0,-0.8350539079870112,-7.626196633497262
-1.0,-0.36443154789696774,-0.3993326633870695,-1.278717779328063
0.06002768018422944,-0.049524092527786,0.004124574813852977,0.892739719365417
0.3735607003150696,0.5747562015543253,0.2567559745655257,1.5506160153127666
-0.9389248195663304,0.9331771696519833,1.0,14.789888568433055
1.0,-0.24279080574113232,-0.8544012584187317,6.953232844283472
1.0,0.9859593441398109,-0.19362409262791003,15.661872430662026
0.5583817626488472,1.0,-0.19981452710580938,7.997956328416189
0.7885439133825023,1.0,-0.054390107295665846,10.114055001461443
-0.041205705989640906,1.0,-0.38187522393174067,9.665981779725687
-9.916401345377857e-05,0.7545066285818489,-0.05932657153563503,1.9331660305606038
0.42571716065014864,-0.7059100058462573,0.5978156571645161,0.573562207201704
0.38415145972280085,-1.0,-0.3866312662177631,-1.7195355320032668
-0.23542056304179892,-0.28911884813931743,-0.4254443979304565,0.5270004761231358
-0.6267019592866139,0.067075991341911,-1.0,0.41171329082040703
0.8771765660812338,-0.2341302042548301,0.19087650073452633,3.6795897274038065
1.0,0.20228745495928635,0.940708957299913,15.126691533397619
0.11636929349313996,-1.0,1.0,-7.199533168165886
-0.2420771824204866,1.0,-1.0,1.8386020964081837
1.0,1.0,1.0,26.28093356927898
-0.2567456774237462,-0.8871860305324695,0.9101168779252504,-1.9252905599021248
-1.0,-0.09389947763352513,-0.6379680116260855,0.04605257146842845
0.3565249065615361,-0.5326656848192874,0.751787544327164,0.15577636006887532
0.09565284893445436,0.35097620450554934,-0.033076782212907885,0.0030277048484710356
0.3453116216686518,-0.9626940240838193,-0.7642646239056445,-6.042391555013847
1.0,-1.0,-0.6773997726233709,-13.467436387509622
0.6142019159237879,-0.5313116788335328,-0.06982050144575824,1.4070046269930174
-0.9318569690332954,-0.37348443296566947,-1.0,5.683081898214933
-0.8269324785313446,0.8937031345846334,-0.6654402226883627,1.2958705645596504
0.4483588104454457,-1.0,0.413772876448979,-0.2002782712640518
0.33457962913649486,-0.4951627475174101,-0.5539257124807848,0.6780632221482527
-0.3260726665754552,0.617928358991904,-0.37318301632351525,-0.4517131048280394
-0.09422808707420605,1.0,1.0,14.665687960418147
0.12330541764410974,0.37233348747243467,-0.29225659624354194,1.2701774408383948
0.9303994645053355,0.4548188222977321,-0.2414279390200158,3.732907260017696
-1.0,-0.7241187530890913,0.8932817501547936,11.5892578575612
-0.3163803984743543,0.6602277903103904,-0.3239744405153755,-0.4699974343025448
0.26879526499007134,1.0,1.0,9.821880145976182
0.45692431871327166,-1.0,-0.023805376685091195,0.14935788808837444
-0.20102329496607352,-0.6599187338151074,-0.013678655553264418,1.2592962628710795
0.858753838081803,0.7042166734225983,-0.5293911089596848,3.177164510632436
0.42626998917695746,0.22802324239809968,0.1815644778496921,0.3060342843905417
0.6844143786250534,1.0,0.0008334139887353764,8.03324556430151
0.35941352999525145,-0.09798669048855335,-0.01196929896548915,1.0864341743343109
-1.0,0.6677436895116267,1.0,8.130308251424323
0.17155255089420418,-0.43085708392735134,0.1451296495042813,1.0654865201376893
-0.3539396100576022,-1.0,0.8818923211932415,-2.38292094808265
0.9495596077019648,-0.8976694538016343,0.7483276229552371,-1.5412223608075257
1.0,-0.06550311293349176,-1.0,7.553633472984212
-1.0,-1.0,0.3733215107631467,10.760190128147356
-1.0,-0.21891730569420154,0.23627058025190673,-3.2216747660469016
0.7538711045946944,-0.8580584025632647,0.5458649529320929,-0.37921567035803455
-0.1548107329914976,-0.9273641601419043,0.08216000088002806,3.0817041531460942
-1.0,-1.0,1.0,22.334046496554716
0.16240415238271666,1.0,0.7785314653641418,9.192748445177267
1.0,0.4561102540107218,0.8002805514890219,13.308337110509697
0.14754810726840817,-0.7360506697383236,1.0,-2.559819816947008
-1.0,-0.2430815770717245,1.0,5.452967419861601
0.5091170404564045,-0.11788149663193903,1.0,-1.7748236441704552
0.7170169032858036,1.0,-0.7556565330605252,14.9535713113629
-1.0,-0.5243659883148781,-1.0,5.908213501281606
-0.19678405827383894,0.5550078084400794,0.06318001368787196,-0.8251898178397534
-0.17605784942253577,0.1907488875276624,-0.7038357928316792,-0.542586479121988
0.1880655719107147,1.0,-0.38964371273997767,9.749285965592527
0.06582392739958953,-1.0,-0.1016134559151547,1.9389678346092643
0.0045833518682165675,-0.5422323774154749,0.07522876146386825,0.6389075471329299
-0.7792489304646679,0.690395226915131,0.8975960411635937,2.3699710643116934
0.05402567202440456,0.9375009018090537,0.3392525179014336,5.4745287290827545
0.33587729295904634,1.0,0.41486800329354967,7.932242054966581
-0.09653282107718675,-0.14524158882704818,0.35946238687665355,0.29130938925037136
1.0,0.8196271317925479,1.0,25.932642075288918
-1.0,-0.6601144384587425,-1.0,4.717511520840219
-0.2644611552183551,0.5016242236742645,0.6097914909003521,0.08896279525390269
-1.0,-0.717984370097386,0.9773859754807299,12.801209110939268
-1.0,-0.03070084363526182,-0.572150701383928,-1.1204330432107912
-0.8123703594677183,1.0,0.33291498973970857,2.4130489019766204
0.02326473508045601,0.49582040813853445,-0.6750944282268527,0.08480799597167417
0.24890474771364435,1.0,0.1298720067551138,7.8751904692748
0.1890019710020039,-0.27413256344698,-0.650472527646629,0.5211953280312054
-0.8113114454277537,0.8662337181618767,1.0,12.173733590201243
-1.0,0.09165671305073819,0.5082670868808854,-4.388349748682452
-0.46795393637612537,0.5854589438789979,-0.6837338507646151,-0.9711427015205016
-0.19296915642190782,0.2248376141189603,-0.7090419942683217,-1.1560859964208867
-0.6934195960808014,0.9158473260534001,0.5316683921844756,1.0468285549566552
-0.09887136641767857,-0.6293127317184257,0.38215434312685836,0.8956566979269374
-0.8481094792041166,0.33629141368654936,1.0,3.2564523146812934
0.1445264287687602,0.20257845265539043,1.0,1.2685448385921316
0.4843149893109848,-0.2508557602626542,-0.4419175419977288,0.5125872172468795
1.0,1.0,0.4203783257589706,13.01701925146403
-0.6998491373172444,-0.8041714490758376,-1.0,-2.445968671879429
0.903391018551275,-0.16948408529443681,-1.0,2.0094134383908386
0.3493905382818687,-0.8277016301544153,1.0,-4.277230931276612
-0.2335115892259343,-0.8895955404204783,-1.0,-10.191567234665612
-1.0,1.0,-0.14964301499379196,10.07823995179242
-0.9369856909381595,-0.28726055562002784,0.8936851958880367,3.15695995906239
-0.8597179622732585,0.25249538420788276,0.42363439394285884,-3.6504973523761306
-0.800527398251671,-0.4315020363473414,-0.14475556826070357,0.6240947312791187
1.0,-0.11244637798552204,-1.0,7.299586444340314
-1.0,0.011183038890939523,-1.0,11.687189202635544
0.589236852651146,1.0,0.6076628674017919,7.356426586547229
1.0,-1.0,-0.13268787318898312,-9.81833633664195
-0.30483244418944655,0.6900607808423909,1.0,6.6299374085401945
-0.36812943379833607,-1.0,-0.6727421855628704,-2.5047775679039255
-0.5866273848978982,0.16350493110536646,-1.0,-0.14134158219451348
-0.40751400208589295,0.5147912793071685,-1.0,-3.762752625289631
0.16123485164459272,-0.25334652211063324,0.025835744341929034,1.2976884368791992
-0.9572465476438077,0.25906828388766234,-0.2910063909508076,-2.7840979571603595
1.0,0.6422654239404437,1.0,24.508455695076275
0.7668679113895158,0.5014946414479955,0.40948136962756787,3.4416478960851986
-1.0,0.029509192832865017,-0.6495663700513274,-0.08862606247072045
0.36485835154973145,1.0,-1.0,6.018620759259014
-1.0,-1.0,1.0,22.264312408697386
-1.0,-0.6216496465813668,1.0,11.690896746302357
0.043050693090237235,1.0,0.6418833649883653,8.273566592982663
0.1922981902083467,-0.004341667498768409,-0.4573508834372435,0.9356777874071268
1.0,-0.05961066593057773,-1.0,7.95148203596397
-1.0,0.7656203296640851,0.5969671333428048,-2.345425062223198
0.22704918570183263,1.0,-0.3202507827879748,10.188412351014735
1.0,0.43644192436955276,0.05797914115616343,5.760792959923092
-0.9029880344067989,0.686837434386711,1.0,7.03005548504275
0.17762693924685902,1.0,-0.46282791508486354,10.696983971617486
-1.0,0.1547353158222846,-0.7490574579799796,2.397588396849218
1.0,1.0,0.6004333056730353,14.528721330042098
0.311320424922354,0.38449171019442585,-0.016972772148857063,1.1266256048757473
-0.01968954624046937,-1.0,1.0,-6.012660981703257
0.9354270512336544,-0.9950770871397128,1.0,-8.658228674065086
0.39413682360733593,1.0,0.9415996094538792,9.27982133070605
1.0,-1.0,-0.8332630430138344,-18.542606929718833
-0.5547283464988482,0.14510037566976308,0.08912591219607946,-1.134839424860344
0.1981852579665222,0.0902734183406726,0.5884605905116427,1.142853791715431
1.0,-1.0,-0.2764046994245586,-8.652009436377629
-0.589326069728765,-0.7600424753275361,-0.2636879705499571,1.7356942429445912
1.0,1.0,0.7808072297083664,18.659234794379277
-0.29570089216427564,0.09840332559405529,0.1040340673945066,-0.5760609009916349
-0.632033701693681,0.1283478929421633,-0.5076990425292496,0.20667089013139484
1.0,-0.49831711812016644,-0.721613588500216,5.567254769933186
0.1694115497256381,-0.04667809319852467,1.0,-0.2536000313062237
-0.5498496152155654,-0.8123280738769147,0.26981982453814357,2.95791471047754
0.5213593336149109,-0.7561808036617026,0.045256625329092914,1.5629325318058476
-1.0,0.03129347334815935,-0.027198467944068216,-4.561247613674363
1.0,0.9350578195615578,-0.25987585886679865,12.678777906077233
0.29040412222960077,0.06274242583382561,-0.21252674893540546,0.9576537733818854
1.0,-1.0,0.2985495857071765,-7.3060278902242
-0.05484728289199636,0.24539441682544139,-1.0,-2.9790881705416092
1.0,1.0,0.33883977132999865,14.364945713133313
-0.07669355423463498,-0.849755792086951,-0.013701203971351772,2.272578643916353
-0.902257657882165,0.15289267488490932,0.568913084070156,-2.0397226892529345
-0.9291027737017121,-0.2597427012046354,-1.0,7.051036117601622
0.1042830225906175,-0.28633114226954803,0.1765172790737275,1.615013740755026
1.0,-0.41191144815803615,1.0,6.931269968022056
-0.7506905673577682,0.05048824462843604,0.3243402133060491,-1.4439822823070751
0.7133857206607719,-0.9061550932340621,-0.009956993139337955,-0.9216481083036882
-0.27464026990149626,0.0574996646102377,-0.7503608948719731,0.2723643868896569
-1.0,1.0,-1.0,21.596210620601855
-0.2718621919372799,1.0,0.561786842243222,6.598429403770748
-0.9293212552418373,0.6668962293449148,0.05394856002644599,-2.842292005741893
0.5229337869351303,-0.04265004223579272,0.16450716924806175,1.1704119191084368
1.0,-0.757850640257896,0.15822951215502634,2.213371138213156
0.13495347536383506,0.05202712408846222,0.1418011456775461,0.8398470091525703
0.15718379135125282,0.15969296424862933,0.66167579539117,-0.01965036594582098
0.7565348428780378,0.20659943905111722,-1.0,-0.3803627819354796
-0.21986575823525656,-0.24196651578769535,-0.7013872173357585,0.6118325760854932
-1.0,-0.6950562008848995,-0.13167497782426163,0.5284389152023354
0.04927335582750625,-0.6909734219491246,0.0010489208732811228,1.399369713474069
1.0,-0.18000188388362304,1.0,9.465715541349942
-0.2125854325057357,0.5770678933274764,-0.9378683224204216,-4.007991313574348
-0.602292704866805,-1.0,-0.16384682398529682,3.1355504388863946
0.7906243089788467,-0.5825271719731724,0.9241897865175266,-0.5391141936782508
1.0,-0.5560284062178715,0.5303014242540016,4.44698781705213
-0.1840948416614705,0.27518141834682996,0.864320496106028,0.6572858382645501
1.0,-0.35893111118001686,-0.7425922249522952,6.140629902165997
-0.04414782070207113,-0.8967586319663581,-0.48315980497217836,0.9781113420122524
0.599152241798113,-1.0,-1.0,-23.549808175122042
0.40539020931710046,0.278408671918956,-0.010840919526308834,0.7939947614699147
1.0,-0.547670725923328,-1.0,0.5662015209433481
0.6172387595986244,1.0,0.806898781415091,9.691240263804353
-0.13315751541241783,-0.33307350340013087,-0.7881510467005906,0.028127185703267915
0.13921756046361256,0.06058303767092865,-0.1087333195499176,0.8046052553631783
-0.686486954735458,0.3828754169844404,-0.8660059312846695,0.05805415734212743
1.0,0.010660901982141313,-0.329782775051795,5.118470544659434
-0.7089314445915369,0.5396166259578241,1.0,4.415170582812073
-1.0,-0.4160360269146324,-0.10208697756453033,-2.2285131264648057
0.11311409819557805,0.05936416708628167,-0.2707499369317403,0.6363199979130038
-0.39072970975655275,-1.0,1.0,-3.7142249891946966
0.4700519260124185,-1.0,-0.3379885412039765,-1.4736438868122343
1.0,0.9491381997016248,-0.1522981806067416,13.227731105875836
-0.18071224907989736,-0.366815364671099,-0.14262883350256206,0.9294039130450549
-0.463477689610281,0.9400880213947569,0.3924438961359822,4.795139408449167
-0.4064539806769709,0.3941983240098421,0.7239911926661895,-0.3365248497416026
0.345454221188215,-0.46408326014937673,-0.36175771355009223,1.3421958612891651
0.8897211851597133,-1.0,-1.0,-29.02880112491104
0.9797391363483954,-0.17567259538747315,1.0,8.154649963581084
-0.1542208113731771,-1.0,-1.0,-15.491332326775979
1.0,-0.90380556699501,-0.14798276758060602,-2.4771280803662035
-0.5761012312237963,-0.4683447635444866,-0.62964199121103,0.4951914376253018
-1.0,1.0,1.0,17.63962326817921
-1.0,-0.33694037809439137,-0.6923552629418062,0.28290621920255754
-0.6647409776194357,1.0,1.0,16.3559587145284
0.7193950742605366,-0.13638848573038964,-0.1005599440424143,1.343346070504712
-1.0,0.4936089085055244,0.5350136325231531,-4.017099739571114
1.0,-0.05551324757951548,-0.03352874938692252,5.007730238560592
-0.9088687506881605,-0.5166061928240187,0.7768353036452529,3.024287637995289
1.0,-0.6973557940802992,1.0,1.6915400197891532
0.4590761931358913,0.7547739482569935,1.0,7.0850634806435036
1.0,-0.9271081570593138,1.0,-6.325346251092995
-0.621976242473762,-0.7035910733079949,-0.023609359952113884,2.3552660782702888
-0.10977771528941238,-0.19762718693309056,-0.45928282860076064,0.8594418592974444
0.31173069246243634,-0.14537925362451354,0.6529048581476413,-0.058035983578058725
0.42992297331698537,-1.0,-0.3139315801757179,-0.27988109597421956
-0.6531710310455661,1.0,0.2369281628704667,4.099868758164434
-1.0,0.438581548405361,0.009977002293296122,-3.649763501759855
1.0,-1.0,0.20726379527767902,-7.482197187522844
0.15466927265863428,-0.29789144513301435,0.9136402097363896,-1.6298566429001515
-1.0,-0.3830240610525717,-0.22690883033231524,-3.0841886739910964
-1.0,0.3813986776605194,-0.7833200417948587,5.293792892349255
-0.10847976186535324,0.5749662046847008,-0.371972681196197,0.8927022378813904
-0.006309609789311832,-0.5427657689799033,-0.8456523982385351,-1.7002131437610721
0.7267340935444486,1.0,0.77924078570461,9.656038468463887
-0.4392323566340617,1.0,0.2923749153372135,5.374182411971449
0.32182638765945404,-1.0,0.6862878829539298,-1.5598454577812488
-0.9807128785625405,-0.28265161571115405,-0.7864042828496869,1.1803465758837273
0.543690923191152,-0.7681785161440795,0.9187923858528799,-2.286701048656802
0.42211392262536895,1.0,-1.0,5.752992168324958
1.0,0.11310456272609848,1.0,13.955639596829364
-1.0,-1.0,0.3698747879450248,11.213192513260577
-0.803534616860788,-1.0,1.0,6.058966947883352
-1.0,-0.4919849807692158,-0.09709824434821468,-1.3162617831827403
0.3728475867596326,0.5473779967957841,0.06972782228035901,1.7123744489100896
0.3601333400241131,1.0,-0.5517904803882765,10.781511902420032
0.09844477981423227,0.7221368743248278,-0.6796182134074205,0.47850123303401715
-0.29355554589891075,0.6742889629217765,-1.0,-4.164473556856599
-0.2915639487841024,-0.07948881048873391,0.10237230250782936,0.16443181761759523
0.007622816415366662,0.515288125073972,-0.15953169010585033,0.6980563635646115
-0.5404418762994774,-1.0,-1.0,-11.713907921061056
-1.0,1.0,1.0,16.754390002852894
-0.7240426235312856,1.0,-0.24288590873454607,4.2182710265364705
0.20744662494571808,1.0,0.4348962780391741,7.024375009490262
1.0,-0.7363624076812276,0.6113366105100106,2.499276667403711
-1.0,0.3678789003929148,0.28009676493503033,-5.502593516332799
0.18200504061062062,0.6954101327894076,0.36933806327231267,0.578096282543745
0.6669109472937311,-0.10748168562681637,-0.7142524070314911,0.8004416805242229
1.0,0.40631162300963397,0.02633191011232361,6.329545826166328
0.2921267379437231,1.0,-1.0,5.2440334990581325
-0.45236283309457326,0.7534332916560991,0.5763988966325135,1.2942003230762746
-0.1303336945789637,1.0,0.7393255129237601,9.522084046376541
-0.6562949537901988,-0.8321001806999002,-0.8133011414383016,-0.22407937546104123
0.3959804373729052,-0.21348196496621719,0.02308615012913684,0.9788909855565677
-0.03758732889159133,0.9704860263114232,0.739267131253083,8.976725060046254
-1.0,0.8162926240766959,-0.9812128481295739,18.591691118112184
0.42182713068186706,-0.21313393163628125,0.7089220308965534,0.08454489175084068
-0.3806764044270168,-0.9570732337106629,-1.0,-12.525329956981736
-1.0,-0.11151308867322851,-0.5895446421932014,-0.5766173191521273
0.20674708082804294,-0.3568908748711439,0.3394833042722858,1.164719112405287
-1.0,1.0,0.23831818019322437,4.38871796015566
0.059346554531542584,-0.12001233484358798,0.3881384798060967,0.9420231529172141
0.185692069455895,-1.0,-1.0,-18.690867887158916
0.3906897722413145,0.4925584457601411,0.001178695921844941,0.7992699179678069
-1.0,-0.9673017567453346,-0.012541119458037375,7.308291232973959
0.8452346432374065,-0.6846822116862874,-0.4852189390827526,1.5578202727259955
-1.0,0.5296112852380044,1.0,5.738107525647424
1.0,0.290732048191773,-0.0012084579010267493,5.830202491152421
0.8310726210353439,0.2796129594654584,-0.3151480013747183,1.7100831158597503
1.0,0.12098076778738931,0.07138303619364716,5.411083737839391
-0.12440714278668641,-1.0,-0.301828323666252,1.7311517414456008
0.1760276033879955,-0.08710647132841332,0.1302583354036757,1.5068719556651418
-1.0,0.04675181854038746,-1.0,11.378350272319372
0.43836334309574654,0.6687469939586126,1.0,4.771944252774728
0.2741288163937792,0.05968983463651778,-0.7395951004622228,1.2516238905385837
-0.7354716850457008,0.9077435112187537,-0.28924848941166204,1.0885567959555744
0.5833269652275912,0.6646987410811867,0.32817651617791666,2.5349017496079562
0.4837541773096108,0.7525166855652512,-0.041441787313478695,2.0573138661813384
-0.9288625926332359,-1.0,1.0,15.249577711870671
1.0,-0.7153723611878999,1.0,1.5813111416418204
-1.0,-0.14461976628013917,-0.1215499789501906,-4.0785584267600825
-0.5608749012133949,-0.26028335348100584,0.40947658477323867,-0.759790300731818
-0.12034828353527893,0.37482879999539587,-0.34004532193845227,0.6635554277437441
0.491694450413217,-1.0,-0.48234958436054165,-2.802360524563351
0.17954287477693964,1.0,-0.39936207733870344,9.517128383210004
-0.05979955275901361,-1.0,-0.11649582759020816,2.966736962810823
1.0,0.4428462467933483,0.06747095351521692,6.4015690307212925
-0.2115440801745685,-0.15285589140952016,-0.12961409253147016,0.9939353282806682
-0.8083076319193045,-0.24966793718685887,0.046434308609492936,-0.5847288219659109
-0.37692371101964683,0.20868643338663206,-1.0,-2.302744286775448
-0.5371937906895261,-0.8893180803119751,-0.4772326703401746,2.1210455097143828
0.7710090780788894,-1.0,-0.07164745788866744,-3.1820087128269168
0.13725905496877244,-0.07272119450821624,-0.9752069025434,-2.8984899929658523
-0.5620830594817423,0.0043856134778887945,1.0,1.9978324160164704
-0.459886021151239,-0.682179485766464,-0.9493007847047039,-3.540203882659596
-0.45394900709413744,-0.544237484212013,-0.7832359501662347,-0.7460971017334475
-0.9322222234465136,0.06618879516150233,1.0,2.1691416925646365
1.0,0.14906657947324042,-1.0,9.117513736391743
-0.44791427631993463,-1.0,0.7155708590961121,2.028466543129219
0.26006268532307675,-0.22547131794667208,-0.09704109955129891,1.0906550807765563
1.0,-0.6941567795628034,-0.16914962189417349,2.4619962508680366
-0.3254568725530236,-0.05470090130410732,-0.722883682252379,0.05805170495466444
0.9016401181066416,1.0,0.20487038945636882,9.6823510067994
0.15670494188594275,-0.14508449044996374,0.04445977860470651,0.7842368167314899
-0.08683957308738322,0.6588059182496038,0.7382932751495461,2.28428155201077
-0.454808810115112,1.0,-0.2631394968477261,6.319641351563266
0.07406897291322756,-0.467297189976533,0.29652442636384047,0.854889685422483
-0.023294713348410268,0.1735031138311629,0.2349379444924362,-0.10955991394949915
-1.0,0.6968209269628793,0.04844920493963545,-2.4596733104645665
0.8273901304762674,1.0,-0.15526136566546112,10.835657436007967
0.40169020313033843,-0.6180158982428043,-0.003112689932969648,1.2436328353756165
-1.0,-0.5492413158057374,0.13499992804936634,-0.6279511159918314
-0.14192049981459243,0.6477929035667374,-0.3819963693307329,0.1770345179792492
-0.7962582314324278,1.0,0.20851047998782368,2.8585916690419073
-0.34169255996850456,-0.5118283257533491,-1.0,-4.247775025910444
1.0,0.24090551296384355,-0.6343134844893303,5.1891867943673455
0.07101489158487184,-1.0,-1.0,-17.801693273529644
0.6468748125377894,1.0,-0.6217795598621851,12.48775160073006
-0.3017550841404353,0.17441074073789586,-0.4369714610958755,-0.3160159305488619
0.2078173994198711,-0.22156716130966525,-1.0,-4.200744617005468
-1.0,-0.02309459581797979,-0.06723849078232758,-4.06738013496902
0.9668532353036767,0.3709375111558575,0.6878008236582656,9.762041405154202
-0.6901577213631156,1.0,0.48890636543570687,4.234545296869217
-0.4812724469505074,0.9252869389312091,0.7109007626727293,5.556216804800206
0.5001816817778599,0.11323855491358481,-0.05790722297396034,1.7153850986840677
1.0,0.13037029989403015,-0.6552773774504597,6.34752684549557
0.5621874691627058,0.38427847130200177,1.0,2.852685872719879
-0.11928896908243347,1.0,-1.0,4.09783498614782
1.0,-0.5617012168419995,1.0,3.879437005223748
0.3629538912175405,0.6035592742939224,1.0,5.1665273128658855
-0.02378558552817789,-0.34891730882553906,0.048492559211634534,1.7009897843767354
1.0,1.0,0.9374636650924744,22.753235132669662
-1.0,-0.7126133552467027,0.5129350914214748,3.835850586417043
-0.8787175710654989,-0.5537657767308035,0.7160914219661885,3.3190051595510863
0.20821037693878663,-0.0301108540397359,-1.0,-3.911362758581864
-0.2756388803937606,-1.0,-0.07478884840607036,2.688128414014969
0.8372191881201962,-0.18086773465216255,-0.7526043309297921,2.4950454347897364
-0.5719216788568355,0.5448931523082801,-0.5334780342766019,-1.5967215410573175
-0.2785541678263628,0.3961275255193091,0.9674698093758067,2.1362812468532026
-0.26711281112806007,0.47795445373329826,1.0,4.843375360878348
-0.0015646994203335485,-1.0,-1.0,-16.72258445924121
0.2647713374586753,-0.26922619927845637,0.7899162972078615,0.03415182772763209
-0.20175639627053932,0.006300144016963882,-0.014247674621238327,0.1616011282840335
0.04578906236649716,-0.23979704347649466,-0.6925947140065272,0.17620592058046747
0.6039548487774593,-1.0,0.5495308065247262,-1.0208172770086854
0.018841905065449138,0.4116355722841112,1.0,3.0414298359023024
-0.561836822059687,-0.0694321419889059,0.4442554953253166,-1.241746429755887
-0.3956899053623295,-1.0,1.0,-4.019052484823032
0.15973967160996438,0.6605784809849722,0.3851102373339903,1.066284719888537
1.0,-1.0,0.1709050736122466,-7.772754550702827
-1.0,0.6989051450028319,-1.0,20.23619252110754
-0.235657719868531,-0.17842800278578896,-1.0,-2.4096328058574263
1.0,0.10619166879687136,-0.1174400552940571,5.324888125239271
0.8512131041123507,1.0,-0.5680721110708087,15.165130607917808
-0.4446778591883027,-0.4428711519595041,0.4356539887770783,-0.3686040951803834
1.0,0.7547388961358439,1.0,26.256445259834997
0.2759544064644164,0.7973523658061772,-0.2103502287154151,1.7610094907388352
-0.10849710920177547,0.3442936980861466,-0.606603109195208,0.32400160247987864
-0.18993786541690616,0.0005404740393248897,0.8004669191495812,0.9353192378096538
-1.0,-0.6204858634871153,-1.0,5.35398550195718
0.30063826112963454,1.0,-0.4502508693192515,10.118939434280135
1.0,-0.1287305505463181,-1.0,7.901788855284764
-1.0,-0.1659915554455207,-0.3332531646778214,-3.24843359490937
-0.2955945096775028,-0.15470754346783067,0.45575848944796826,-0.3522030372353171
1.0,-0.6818283021547675,-1.0,-2.4401901035413136
0.19304369814220812,-0.128831909220954,-0.20198566413076713,0.8812617573559547
0.529347929752126,0.8546051392226279,-0.7468226370105973,4.288239803811088
-0.716796869877909,0.16272287130776952,-0.3527369035905963,-0.936314014423453
1.0,0.35336189285438846,-0.9434308369572941,10.438601185021488
-0.5481394264291752,0.5786924435303926,0.1899495101991373,-1.4235283972905708
0.1134604405903541,-0.9621467031726323,-0.35940462270502893,1.5367894031476361
1.0,0.3385591175199627,0.21636637519414026,6.91324259963377
1.0,-0.36845960396433663,0.9574763859286604,6.568703400924542
0.6100947234704706,-0.32352547931606535,1.0,-1.5807768100245583
-0.28530253802325056,0.8728019478587705,-0.5222888314539966,1.564267289212129
1.0,0.7863985663737338,0.3223447222187903,10.141601781641771
0.9193177191725863,0.5901345574389194,0.5042644058157928,6.620105045642222
-1.0,-0.8426966850112476,-0.4218462143162358,3.208099797761153
0.24550540657680076,-0.45422529477492213,-1.0,-6.155404400848186
-0.4993397954942045,-1.0,0.6872734727242658,2.1500937508376
0.05156168693601648,0.18907614729572209,-0.17754290366911074,0.594359477917371
0.8541087799397162,-1.0,-0.8767634088157161,-17.881636246245062
1.0,1.0,-0.08543668270261007,15.37223651375356
-1.0,-0.303180346961091,-1.0,7.931315543867509
0.27312510616453345,0.6801046155898003,0.975548143937514,4.216665110460596
-1.0,0.016008358030571657,0.535116972179839,-3.3700593387912914
-0.37752615954332414,-0.9873343246695288,0.8331425429360153,-0.8099473215281179
-0.223668188599913,-0.5525197132548962,0.3117828455086238,0.4269597713176067
0.5810211399963856,-0.4961144305722116,0.1368283448028358,1.2577915665172505
0.9745535532534466,1.0,-0.184496059675741,14.462106787994212
-1.0,0.13367883495628896,-0.08277026804726462,-4.113695714209934
0.34631101347170956,0.009254989373994382,-1.0,-3.0143543331741505
-0.8879162918458845,0.5077461160532957,-0.32138160356503054,-2.153915540708348
0.08620061665525447,-0.2901901670786162,1.0,-0.7081100407674714
0.6381641268084659,1.0,-0.43761416231327566,11.12492731276369
1.0,0.9338324703226037,0.899475509209509,22.14995241753604
-0.0879383350455385,-1.0,-0.15498343340945375,2.2925666562270264
-0.2711422808197259,-1.0,-1.0,-14.770775361442043
0.5291829319190706,0.6073933811742731,0.7163783844558167,2.8099933083698385
0.7921175656622887,0.493004743094706,0.4835620563041516,4.223026352813554
-1.0,1.0,-0.675923694335147,13.032288035836283
1.0,-0.8885521595594978,1.0,-4.172062698778234
0.12310638266354457,-1.0,-1.0,-18.018888363231582
1.0,-1.0,0.0050413384441183595,-7.909611749286517
1.0,-1.0,-0.3280778948068783,-9.989215574731373
-0.010333917177777652,0.29073536168206005,0.10184201243075841,0.4093174062910452
-1.0,-0.7868441274618365,1.0,15.816772808060499
0.5001824040719884,-0.40494478167036174,0.0586767513490003,1.3023125024411932
-0.5333244385406382,0.9453156150803954,-0.2837476440050204,4.092105639142036
0.14962069378554022,1.0,1.0,11.917870400316898
1.0,-0.43062874952074837,-0.17047993792407978,3.9385804179349577
-0.5667215062109858,-0.3763019609699081,-1.0,-1.281658363209877
0.6287065482769423,-0.8038860346534591,-1.0,-12.76717284238779
-1.0,-0.10364580334265172,0.7121379282849865,-1.9806081045503916
0.8905719018812341,0.056060005855891104,0.17528742405799513,3.6977062408333894
0.5684834041267219,0.9892950274599452,1.0,9.366654061100864
0.3297689113576181,0.6786862170587722,-0.623383290993246,1.141739362223194
0.17142934496238116,-0.41209599656879425,-0.8000245133668655,0.11266997185710698
0.4641865813415029,0.4315095813571781,0.9969086581016939,2.3475570380396484
0.7533185380671603,0.44905382985295983,-0.7371175155979046,1.4017498068347725
0.8190720456951932,0.5983556512922865,0.8322687451957307,8.103109114697322
-0.054678133430106746,1.0,-0.9651588553289656,4.412195983570445
-0.8613194421944774,0.5367689641072224,0.6523378069742829,-3.49324571906672
1.0,1.0,-0.8774914503701492,32.65061871200216
0.7873116824414699,0.9557572297742263,-0.33244351961082486,8.298588886816969
-0.31172728714488773,-1.0,0.20276218939210167,2.8666694198736984
1.0,-0.20314721194855023,-0.7178761120819179,6.327175663496311
-1.0,-0.5453882040387856,0.31471893545024776,-0.47173541794628443
-1.0,-1.0,-0.02157904520557663,7.877379238131176
1.0,1.0,0.21472779082628435,13.67401333377687
1.0,-0.027244516628806226,-0.626760940985025,6.488592215793366
-0.5793606362827823,-0.5996068935013157,0.5552813276190838,0.4508183137383015
-1.0,0.3370654900948957,1.0,2.7254966967359215
0.6455145026187317,1.0,1.0,11.329543324180918
-0.8496405250032493,0.697823240599126,0.9140166988546019,2.942066982266764
-0.22785734784501788,0.32523678435399384,0.016571316433789507,-0.8363094304240053
-1.0,0.34773569623760325,1.0,3.5350706677882218
0.566981298866474,-1.0,-0.08780370409648053,0.07820946714320243
0.48460858851719335,0.7292895347669941,1.0,6.596082934414265
-0.23637110580495957,-0.44677956397896135,-0.2600901040963388,0.5111011670319394
0.21704683804980873,-0.16195036551323239,-0.459234236663276,1.3600100376855517
-0.6573117364600063,-0.6537619537739678,1.0,2.7030910818767664
-1.0,-1.0,-0.49897731216608143,5.544991430348695
1.0,-0.25063967320328095,0.006715245047455687,4.427938014184544
-1.0,-0.5044480748399951,-0.11447280724701847,-0.1437806874268832
-0.9776882015780768,-1.0,-0.010214279078631483,7.348597186815449
-1.0,0.5856595749586107,0.6390343926775233,-3.591276434693505
-1.0,0.9283282548660072,-1.0,19.78625487787972
-1.0,0.8931235308687,-0.16471647040881865,4.181614431124259
0.8584422528265732,-0.4883270362542653,0.08162235079307223,1.1578322374954337
0.9997745924421739,0.40529624250565766,0.6079648618479625,10.182560875814204
-1.0,0.3097818589543888,-0.17307382427402596,-4.091910045263097
-0.7649645643235681,-0.1471001630538329,-1.0,2.9106807351538304
-0.7447540589057113,-0.9491011854679949,-0.024536646276701157,5.440962953330883
-0.26486317405216697,0.6932247612859703,-0.07149862145189423,-0.018032403933976746
0.07646429163415469,0.10066849621648699,-0.03584567407924433,0.9114193818435785
-1.0,0.10703361915006271,0.6320190393007632,-3.709372568732694
0.47216145461939885,-0.4906604782316786,-0.6272208889231705,0.8360398495002741
0.40155636164958164,-0.7646512804759407,-1.0,-10.635365494080016
0.13499845614101313,1.0,-1.0,4.691935436817644
0.1180043349165778,0.8283437070603141,1.0,8.158786586709908
0.19925677795693586,-1.0,0.7397102765134314,-2.4346043828465107
0.14313541313537104,0.015001676040838241,-0.9221897471464178,-1.9678158272350934
-0.47679003173505685,0.7959402348067166,-0.8545733569477973,-2.5872183026609346
0.006898121708765803,1.0,-0.7527282749881186,9.001936278071433
-0.87008156857671,0.23658912401542231,-0.7831923388352835,1.9177471186830723
-0.6664183698500616,-0.5565595439093811,1.0,2.8499923284150808
-0.44804812956950535,1.0,-1.0,0.6428304017164495
-1.0,-1.0,0.6215319223273752,14.383013569522085
-1.0,-0.46602985185541335,-1.0,6.153889041806714
0.15681746046741085,0.7635120511558606,-1.0,-2.3570231585153425
0.27847070399843843,0.3952054379847172,0.7461589354192713,0.9617024110662071
0.1481656664792217,-0.9182053485765731,-0.3560190627160791,1.447852589412712
-0.02661719924221706,0.18726979025765922,-0.5354719305896221,0.6456420858464291
-0.9549612278699966,0.5561719612907072,0.9047302222084814,0.8910026500331552
-0.43330996574840386,-0.2031855519705743,-0.08972936436387902,0.4697354403267617
1.0,-0.8369656664108969,1.0,-1.7446167260490522
0.35561304783485603,0.14133161514228765,0.7706334470759915,1.005251840685071
1.0,1.0,-0.39671798535639313,17.92135991884294
-1.0,-1.0,-0.16312122540750829,6.067053331287498
1.0,1.0,1.0,26.67129188338973
1.0,0.20339089895452922,-0.25781740212651316,4.733613517595909
-0.47846742345991244,-1.0,0.023448472665078546,4.408998383515422
-0.5092295324986948,0.8528488109807106,-0.8036552036074589,-1.7353765104883228
-0.0010524476057158783,1.0,0.06980126613392734,8.128693094695713
-0.7949794635745684,-1.0,-0.3076070395691959,4.854132651722656
0.8010813469859768,-0.871623550143559,-0.31455210723066873,-0.013785597458195187
0.858016353009921,-1.0,-0.73928423953433,-13.717062246807043
-0.6214721612099299,0.08462289255840383,0.7948507488453711,0.1433989767811282
-0.992255423966101,0.746246719056227,0.6940599395240643,-3.104009645951593
-1.0,-0.7372893266708491,-0.19854841146534996,2.3990849051141674
-0.4306765960222354,-0.8618233057538311,0.22407844867483506,2.225830688792276
0.7743855789276379,0.8462813559547606,1.0,12.741300437098
1.0,0.6016187484426996,0.09089559267380243,7.7601469943484
0.8671466418493907,0.5093591144267751,-0.10691650490285287,3.771175796499025
1.0,1.0,0.6251637328585191,15.99714905095781
1.0,0.2870785102596123,-0.12524310622273038,4.868057454464341
-1.0,0.9853484803707984,0.8230185109096924,4.565015308569924
-1.0,-0.023084961606472332,-0.2406664077315972,-4.402680678892445
-0.8218641308702237,0.05879840407680015,0.6762952584165525,-1.1219329772721551
0.21673995834447668,-1.0,-0.6749567797717693,-3.728312587704443
0.3934619259067529,0.9987426902843755,-0.5454557951088028,10.402505099053192
0.6455182182794348,1.0,-0.879349813458401,12.646965265947715
0.28214113494406856,-0.19498296576318408,-0.708985744848663,1.3318580647991618
-0.21452375437232862,-0.5813895924758097,0.5822898399145913,0.18001191738671787
1.0,1.0,0.24722776506426114,12.784986004708045
0.504615344070459,-0.012891929639709199,-0.9879888074496168,-2.6889411841618163
-0.18475959490515548,0.4148477436541369,0.8861329709314862,1.3241640600284175
-0.8166467184249615,0.2044480382448679,0.9825898795323089,1.516032197987287
0.038079905940461733,0.8636981417583807,1.0,9.223978566373004
0.933181266372999,0.4602919306151454,0.9192739061616262,14.012056831372742
1.0,1.0,-0.6933947041707638,26.46911647386978
-0.29497823172604676,0.42220030860538693,-0.03190652507655156,-0.21813959766442137
1.0,0.740084051530437,-0.2138668767300087,7.092719316080719
1.0,0.4791543431277696,-0.4281210559156996,5.403551759317641
-0.6966895918100646,-0.296206357426934,1.0,2.166413577084382
-0.024956307965447344,-0.9147333110115026,0.005341029633031624,2.4983077705030734
-0.25752558542082493,0.6098114373700727,1.0,5.5630919611905
-0.0326670766860746,-0.26544577198027164,0.0652558150767999,0.9981057634867359
-1.0,-1.0,0.1672639863826184,8.101738431934866
1.0,-0.1605052369024409,-1.0,6.252077990946496
1.0,0.35634746731070166,-1.0,10.391465039883846
1.0,-0.18092832410911353,-0.3902444268294978,4.5071834776969615
0.6685825252640745,-1.0,-0.07564759528293163,-1.3370656923738486
0.5181100004646151,0.3888171697412264,1.0,3.29306428165418
0.2786103625404952,-0.6896316883439633,-0.8530104515934158,-2.4546663396561965
-0.19137163063502127,-1.0,0.15565798089308713,2.493224047797712
1.0,1.0,-0.8228754534660436,30.464951012308394
-1.0,0.7463808560001575,0.25912472093202976,-1.9470032052119317
-0.2367482993539305,-0.3590614145199398,-0.49567051400062434,1.6119803143597844
-0.4387970794693139,1.0,-0.907154260093261,3.8631217980292485
-0.22070163633990392,1.0,0.6865359908454598,9.49387601454601
0.8510090490858702,1.0,-0.37032826555656206,12.87253291552422
-0.36549266609226616,0.4391762149155378,0.7725595656624196,0.6705921945964196
1.0,-0.017840008366436066,-0.9121918425196993,8.126424405024721
0.353975324848661,0.02387935663885954,-1.0,-3.5259037898425394
0.3942116819718191,-0.798145925917509,-1.0,-11.56746446798619
1.0,-1.0,-0.21097897533914578,-8.621687796426643
-1.0,0.583642075993043,0.6795169258818707,-3.4420097363946116
0.2633841790192648,-0.5753576456898719,0.4626595685280297,0.5992354092241755
0.3694330298174793,-0.08960653501823335,1.0,-1.7105740620825254
-0.3171138269391971,-0.2708638362499054,0.4225029284207529,0.40383036811898243
-0.5302459152930639,-0.4291992345165767,-0.6191529831915852,1.352383438945283
-0.5145522179882294,0.7415458177419498,0.899633581930136,4.515749403221336
1.0,-1.0,-0.37385957304951,-9.902597938523689
0.5338770378514173,1.0,-0.02772382927813255,7.718623388033038
-0.5144878233418393,1.0,-0.2768883277003842,6.325867166289716
0.5564913796897699,0.7771136301416408,0.10319410120186556,1.978866620645147
-1.0,1.0,0.8193885568451715,4.0727736145583
1.0,0.1817877531597114,-0.41368696725220855,4.790629942933257
0.8100279402195001,0.9848876359615157,0.09999914674282895,7.496520459023433
0.4146955911614023,1.0,0.10121240640658868,7.551456344543481
-0.13523349100547843,-0.44368481674368665,0.15592942548814626,0.5563334171162221
0.10359712470658144,-1.0,0.19906203499152064,2.0891687027909307
0.3475706906490379,1.0,0.14421370278617607,7.357022600204458
-0.6122945587716588,0.705085776212226,-0.210487030621747,-1.5419607386154142
0.37244949277200035,0.0069886262408696,-0.20878865580902195,0.4725217819232097
-0.6306645825030737,-0.41755744259260164,0.4554141275605803,0.9917690612834347
0.6739163853990575,-0.38160120279383514,0.15957973939572612,1.348083245346027
-0.10684285345682265,0.3587622017005192,-0.23850359307202784,-0.28305672912871865
-0.45162818312303954,0.07967426023036417,-0.5844615614536726,0.47891746215792574
-0.5379339601934714,1.0,0.12268911363416501,4.579914762660791
1.0,0.06343891953790681,-0.859344019326177,7.906627940425609
1.0,0.4731900547060057,0.999513819923999,21.959150841793274
-0.49828945137909564,-1.0,-0.6302553797175134,-0.7977289697297856
0.7107069215562218,-1.0,0.2972880053734632,-1.829303238749068
-0.17235981697117997,-0.5394370792328083,-0.17458376060057534,0.8450769507360287
1.0,1.0,0.47687181960115366,14.371342093380509
-0.4603007583380496,-0.8658598168465401,0.4576198147335684,2.01046851129917
0.48108209919504064,1.0,-0.005905112792552902,8.244164712295122
0.5201360912938384,1.0,-1.0,7.76787719780368
-0.35969896529229883,1.0,0.6282140049049245,7.548809760602309
-1.0,0.7262054024128952,-0.5069670406647828,3.07526189510065
-0.3396319113698403,0.4557047944966308,1.0,3.841392685108312
0.4774982783945465,0.8903119098590131,-1.0,0.6143831260811163
-0.9554201976661605,1.0,-1.0,15.156628233135203
-0.7489897123604268,0.3620846419102315,0.9184136239976894,0.2129021043660968
0.41264730932314353,0.2523612599719369,0.11911187776122012,1.2802705594181214
0.14391972459373092,0.9742647228266497,0.18491116384798478,6.2568841374228725
0.19172397422621312,-0.4680729995383932,0.8018888041533776,-0.14710846756294899
0.7615823660087311,-0.6228588794927572,1.0,-2.236705727495585
-0.06330436790118732,-0.8097969448585187,0.29955495000278454,1.3936839027690069
0.012436608361252821,1.0,-0.41396342905815553,9.47937672187074
0.37237017649663984,0.15825764445661972,0.9884355205938884,0.840676309765277
